date,captured_at,scanned,price_pass,price_tv_pass,envelope_pass,oversold,knife_wait,band_mode,band_pct,min_turnover,warning_market,kospi_rate,policy_id,policy_since,code_sha,run_id,calendar_ok,source
2026-09-14,2026-09-14T14:55:09+09:00,710,,,0,0,0,off,20.0,,,,oversold-veto-v2,2026-09-07,,34811150549,Y,log:34811150549
2026-09-15,2026-09-15T14:44:59+09:00,715,3,0,0,0,0,off,20.0,10000000000,Y,-0.85,oversold-veto-v2,2026-09-07,054db88a,34933764256,Y,scanner
2026-09-16,2026-09-16T14:44:31+09:00,715,5,1,1,0,1,off,20.0,10000000000,Y,0.84,oversold-veto-v2,2026-09-07,2832dfe2,35060521292,Y,scanner
2026-09-17,2026-09-17T14:44:44+09:00,718,3,0,0,0,0,off,20.0,10000000000,Y,-0.08,oversold-veto-v2,2026-09-07,af8f339e,35186726585,Y,scanner
2026-09-18,2026-09-18T15:04:35+09:00,718,3,0,0,0,0,off,20.0,10000000000,Y,2.45,oversold-veto-v2,2026-09-07,a95ad3e3,35313129116,Y,scanner
2026-09-21,2026-09-21T14:44:27+09:00,725,3,1,1,0,1,off,20.0,5000000000,N,1.40,oversold-veto-v2,2026-09-07,74432217,35565484447,Y,scanner
2026-09-22,2026-09-22T14:44:32+09:00,727,3,1,1,0,1,off,20.0,5000000000,N,0.06,oversold-veto-v2,2026-09-07,74432217,35691695492,Y,scanner
2026-09-23,2026-09-23T14:44:52+09:00,730,3,1,1,0,1,off,20.0,5000000000,N,0.41,oversold-veto-v2,2026-09-07,ddd312fc,35823451607,Y,scanner
2026-09-28,2026-09-28T14:45:00+09:00,740,3,1,1,0,1,off,20.0,10000000000,Y,-2.37,oversold-veto-v2,2026-09-07,ddd312fc,36383001224,Y,scanner
2026-09-29,2026-09-29T14:45:18+09:00,744,6,1,1,0,1,off,20.0,10000000000,Y,-1.30,oversold-veto-v2,2026-09-07,ddd312fc,36527355718,Y,scanner
2026-09-30,2026-09-30T14:44:54+09:00,745,7,1,1,0,1,off,20.0,5000000000,N,-0.17,oversold-veto-v2,2026-09-07,ddd312fc,36674567692,Y,scanner
2026-10-01,2026-10-01T14:45:14+09:00,746,5,1,0,0,0,off,20.0,5000000000,N,1.64,oversold-veto-v2,2026-09-07,ddd312fc,36820992600,Y,scanner
2026-10-02,2026-10-02T14:44:28+09:00,743,5,1,1,0,1,off,20.0,5000000000,N,-0.02,oversold-veto-v2,2026-09-07,ddd312fc,36970073308,Y,scanner
2026-10-06,2026-10-06T14:44:31+09:00,745,7,2,2,0,2,off,20.0,10000000000,Y,-1.05,oversold-veto-v2,2026-09-07,072b332c,37419788952,Y,scanner
