date,channel,rank,code,name,score,picked,eligible,exclusion,pool_size,eligible_size,policy_id,code_sha,run_id,captured_at
2026-09-17,차트TOP2,1,373220,LG에너지솔루션,100.0,Y,Y,,7,7,chart-top2/v1/badge-pool,a29ed7e2,35188055098,2026-09-17T15:04:53.694356+09:00
2026-09-17,차트TOP2,2,105560,KB금융,100.0,Y,Y,,7,7,chart-top2/v1/badge-pool,a29ed7e2,35188055098,2026-09-17T15:04:53.694356+09:00
2026-09-17,차트TOP2,3,127120,제이에스링크,98.0,N,Y,,7,7,chart-top2/v1/badge-pool,a29ed7e2,35188055098,2026-09-17T15:04:53.694356+09:00
2026-09-17,차트TOP2,4,005290,동진쎄미켐,54.0,N,Y,,7,7,chart-top2/v1/badge-pool,a29ed7e2,35188055098,2026-09-17T15:04:53.694356+09:00
2026-09-17,차트TOP2,5,241710,코스메카코리아,54.0,N,Y,,7,7,chart-top2/v1/badge-pool,a29ed7e2,35188055098,2026-09-17T15:04:53.694356+09:00
2026-09-17,차트TOP2,6,077970,STX엔진,51.0,N,Y,,7,7,chart-top2/v1/badge-pool,a29ed7e2,35188055098,2026-09-17T15:04:53.694356+09:00
2026-09-17,차트TOP2,7,047810,한국항공우주,46.0,N,Y,,7,7,chart-top2/v1/badge-pool,a29ed7e2,35188055098,2026-09-17T15:04:53.694356+09:00
2026-09-18,차트TOP2,1,267270,HD건설기계,100.0,Y,Y,,18,18,chart-top2/v1/badge-pool,ddb9825b,35313129116,2026-09-18T15:05:10.142940+09:00
2026-09-18,차트TOP2,2,047050,포스코인터내셔널,100.0,Y,Y,,18,18,chart-top2/v1/badge-pool,ddb9825b,35313129116,2026-09-18T15:05:10.142940+09:00
2026-09-18,차트TOP2,3,373220,LG에너지솔루션,100.0,N,Y,,18,18,chart-top2/v1/badge-pool,ddb9825b,35313129116,2026-09-18T15:05:10.142940+09:00
2026-09-18,차트TOP2,4,128940,한미약품,84.0,N,Y,,18,18,chart-top2/v1/badge-pool,ddb9825b,35313129116,2026-09-18T15:05:10.142940+09:00
2026-09-18,차트TOP2,5,486990,노타,74.0,N,Y,,18,18,chart-top2/v1/badge-pool,ddb9825b,35313129116,2026-09-18T15:05:10.142940+09:00
2026-09-18,차트TOP2,6,237690,에스티팜,74.0,N,Y,,18,18,chart-top2/v1/badge-pool,ddb9825b,35313129116,2026-09-18T15:05:10.142940+09:00
2026-09-18,차트TOP2,7,097230,HJ중공업,54.0,N,Y,,18,18,chart-top2/v1/badge-pool,ddb9825b,35313129116,2026-09-18T15:05:10.142940+09:00
2026-09-18,차트TOP2,8,003000,부광약품,54.0,N,Y,,18,18,chart-top2/v1/badge-pool,ddb9825b,35313129116,2026-09-18T15:05:10.142940+09:00
2026-09-18,차트TOP2,9,007810,코리아써키트,54.0,N,Y,,18,18,chart-top2/v1/badge-pool,ddb9825b,35313129116,2026-09-18T15:05:10.142940+09:00
2026-09-18,차트TOP2,10,095500,미래나노텍,54.0,N,Y,,18,18,chart-top2/v1/badge-pool,ddb9825b,35313129116,2026-09-18T15:05:10.142940+09:00
2026-09-21,차트TOP2,1,189300,인텔리안테크,100.0,Y,Y,,56,56,chart-top2/v1/badge-pool,d00349cd,35566707800,2026-09-21T15:05:18.221558+09:00
2026-09-21,차트TOP2,2,067310,하나마이크론,100.0,Y,Y,,56,56,chart-top2/v1/badge-pool,d00349cd,35566707800,2026-09-21T15:05:18.221558+09:00
2026-09-21,차트TOP2,3,086960,MDS테크,100.0,N,Y,,56,56,chart-top2/v1/badge-pool,d00349cd,35566707800,2026-09-21T15:05:18.221558+09:00
2026-09-21,차트TOP2,4,028050,삼성E&A,100.0,N,Y,,56,56,chart-top2/v1/badge-pool,d00349cd,35566707800,2026-09-21T15:05:18.221558+09:00
2026-09-21,차트TOP2,5,144960,뉴파워프라즈마,100.0,N,Y,,56,56,chart-top2/v1/badge-pool,d00349cd,35566707800,2026-09-21T15:05:18.221558+09:00
2026-09-21,차트TOP2,6,386380,스카이랩스,100.0,N,Y,,56,56,chart-top2/v1/badge-pool,d00349cd,35566707800,2026-09-21T15:05:18.221558+09:00
2026-09-21,차트TOP2,7,950260,인제니아테라퓨틱스(Reg.S),100.0,N,Y,,56,56,chart-top2/v1/badge-pool,d00349cd,35566707800,2026-09-21T15:05:18.221558+09:00
2026-09-21,차트TOP2,8,277810,레인보우로보틱스,100.0,N,Y,,56,56,chart-top2/v1/badge-pool,d00349cd,35566707800,2026-09-21T15:05:18.221558+09:00
2026-09-21,차트TOP2,9,232140,와이씨,100.0,N,Y,,56,56,chart-top2/v1/badge-pool,d00349cd,35566707800,2026-09-21T15:05:18.221558+09:00
2026-09-21,차트TOP2,10,483350,딜리셔스,97.0,N,Y,,56,56,chart-top2/v1/badge-pool,d00349cd,35566707800,2026-09-21T15:05:18.221558+09:00
2026-09-21,수급TOP2,1,067310,하나마이크론,100.0,Y,Y,,11,11,supply-top2/v2/gate-pass,d00349cd,35566707800,2026-09-21T15:05:18.221823+09:00
2026-09-21,수급TOP2,2,144960,뉴파워프라즈마,100.0,Y,Y,,11,11,supply-top2/v2/gate-pass,d00349cd,35566707800,2026-09-21T15:05:18.221823+09:00
2026-09-21,수급TOP2,3,232140,와이씨,100.0,N,Y,,11,11,supply-top2/v2/gate-pass,d00349cd,35566707800,2026-09-21T15:05:18.221823+09:00
2026-09-21,수급TOP2,4,386380,스카이랩스,78.0,N,Y,,11,11,supply-top2/v2/gate-pass,d00349cd,35566707800,2026-09-21T15:05:18.221823+09:00
2026-09-21,수급TOP2,5,223250,드림씨아이에스,76.0,N,Y,,11,11,supply-top2/v2/gate-pass,d00349cd,35566707800,2026-09-21T15:05:18.221823+09:00
2026-09-21,수급TOP2,6,425040,티이엠씨,73.0,N,Y,,11,11,supply-top2/v2/gate-pass,d00349cd,35566707800,2026-09-21T15:05:18.221823+09:00
2026-09-21,수급TOP2,7,041190,우리기술투자,73.0,N,Y,,11,11,supply-top2/v2/gate-pass,d00349cd,35566707800,2026-09-21T15:05:18.221823+09:00
2026-09-21,수급TOP2,8,234340,헥토파이낸셜,46.0,N,Y,,11,11,supply-top2/v2/gate-pass,d00349cd,35566707800,2026-09-21T15:05:18.221823+09:00
2026-09-21,수급TOP2,9,086960,MDS테크,43.0,N,Y,,11,11,supply-top2/v2/gate-pass,d00349cd,35566707800,2026-09-21T15:05:18.221823+09:00
2026-09-21,수급TOP2,10,387690,레메디,43.0,N,Y,,11,11,supply-top2/v2/gate-pass,d00349cd,35566707800,2026-09-21T15:05:18.221823+09:00
2026-09-22,차트TOP2,1,012210,삼미금속,100.0,Y,Y,,57,57,chart-top2/v1/badge-pool,5c2d76e0,35693018949,2026-09-22T15:04:47.719750+09:00
2026-09-22,차트TOP2,2,096530,씨젠,100.0,Y,Y,,57,57,chart-top2/v1/badge-pool,5c2d76e0,35693018949,2026-09-22T15:04:47.719750+09:00
2026-09-22,차트TOP2,3,055550,신한지주,100.0,N,Y,,57,57,chart-top2/v1/badge-pool,5c2d76e0,35693018949,2026-09-22T15:04:47.719750+09:00
2026-09-22,차트TOP2,4,386380,스카이랩스,100.0,N,Y,,57,57,chart-top2/v1/badge-pool,5c2d76e0,35693018949,2026-09-22T15:04:47.719750+09:00
2026-09-22,차트TOP2,5,011200,HMM,100.0,N,Y,,57,57,chart-top2/v1/badge-pool,5c2d76e0,35693018949,2026-09-22T15:04:47.719750+09:00
2026-09-22,차트TOP2,6,007810,코리아써키트,98.0,N,Y,,57,57,chart-top2/v1/badge-pool,5c2d76e0,35693018949,2026-09-22T15:04:47.719750+09:00
2026-09-22,차트TOP2,7,025980,아난티,94.0,N,Y,,57,57,chart-top2/v1/badge-pool,5c2d76e0,35693018949,2026-09-22T15:04:47.719750+09:00
2026-09-22,차트TOP2,8,356860,티엘비,94.0,N,Y,,57,57,chart-top2/v1/badge-pool,5c2d76e0,35693018949,2026-09-22T15:04:47.719750+09:00
2026-09-22,차트TOP2,9,039030,이오테크닉스,87.0,N,Y,,57,57,chart-top2/v1/badge-pool,5c2d76e0,35693018949,2026-09-22T15:04:47.719750+09:00
2026-09-22,차트TOP2,10,034020,두산에너빌리티,87.0,N,Y,,57,57,chart-top2/v1/badge-pool,5c2d76e0,35693018949,2026-09-22T15:04:47.719750+09:00
2026-09-22,수급TOP2,1,007810,코리아써키트,100.0,Y,Y,,16,16,supply-top2/v2/gate-pass,5c2d76e0,35693018949,2026-09-22T15:04:47.720349+09:00
2026-09-22,수급TOP2,2,353200,대덕전자,100.0,Y,Y,,16,16,supply-top2/v2/gate-pass,5c2d76e0,35693018949,2026-09-22T15:04:47.720349+09:00
2026-09-22,수급TOP2,3,033160,엠케이전자,97.0,N,Y,,16,16,supply-top2/v2/gate-pass,5c2d76e0,35693018949,2026-09-22T15:04:47.720349+09:00
2026-09-22,수급TOP2,4,058470,리노공업,92.0,N,Y,,16,16,supply-top2/v2/gate-pass,5c2d76e0,35693018949,2026-09-22T15:04:47.720349+09:00
2026-09-22,수급TOP2,5,066570,LG전자,82.0,N,Y,,16,16,supply-top2/v2/gate-pass,5c2d76e0,35693018949,2026-09-22T15:04:47.720349+09:00
2026-09-22,수급TOP2,6,356860,티엘비,81.0,N,Y,,16,16,supply-top2/v2/gate-pass,5c2d76e0,35693018949,2026-09-22T15:04:47.720349+09:00
2026-09-22,수급TOP2,7,012210,삼미금속,79.0,N,Y,,16,16,supply-top2/v2/gate-pass,5c2d76e0,35693018949,2026-09-22T15:04:47.720349+09:00
2026-09-22,수급TOP2,8,100840,SNT에너지,78.0,N,Y,,16,16,supply-top2/v2/gate-pass,5c2d76e0,35693018949,2026-09-22T15:04:47.720349+09:00
2026-09-22,수급TOP2,9,486990,노타,49.0,N,Y,,16,16,supply-top2/v2/gate-pass,5c2d76e0,35693018949,2026-09-22T15:04:47.720349+09:00
2026-09-22,수급TOP2,10,222800,심텍,48.0,N,Y,,16,16,supply-top2/v2/gate-pass,5c2d76e0,35693018949,2026-09-22T15:04:47.720349+09:00
2026-09-23,차트TOP2,1,017890,한국알콜,100.0,Y,Y,,61,61,chart-top2/v1/badge-pool,6b6b9f4d,35824864697,2026-09-23T15:05:46.463547+09:00
2026-09-23,차트TOP2,2,003490,대한항공,100.0,Y,Y,,61,61,chart-top2/v1/badge-pool,6b6b9f4d,35824864697,2026-09-23T15:05:46.463547+09:00
2026-09-23,차트TOP2,3,006260,LS,100.0,N,Y,,61,61,chart-top2/v1/badge-pool,6b6b9f4d,35824864697,2026-09-23T15:05:46.463547+09:00
2026-09-23,차트TOP2,4,387690,레메디,100.0,N,Y,,61,61,chart-top2/v1/badge-pool,6b6b9f4d,35824864697,2026-09-23T15:05:46.463547+09:00
2026-09-23,차트TOP2,5,357780,솔브레인,92.0,N,Y,,61,61,chart-top2/v1/badge-pool,6b6b9f4d,35824864697,2026-09-23T15:05:46.463547+09:00
2026-09-23,차트TOP2,6,079370,제우스,91.0,N,Y,,61,61,chart-top2/v1/badge-pool,6b6b9f4d,35824864697,2026-09-23T15:05:46.463547+09:00
2026-09-23,차트TOP2,7,042000,카페24,91.0,N,Y,,61,61,chart-top2/v1/badge-pool,6b6b9f4d,35824864697,2026-09-23T15:05:46.463547+09:00
2026-09-23,차트TOP2,8,005935,삼성전자우,91.0,N,Y,,61,61,chart-top2/v1/badge-pool,6b6b9f4d,35824864697,2026-09-23T15:05:46.463547+09:00
2026-09-23,차트TOP2,9,393210,토마토시스템,91.0,N,Y,,61,61,chart-top2/v1/badge-pool,6b6b9f4d,35824864697,2026-09-23T15:05:46.463547+09:00
2026-09-23,차트TOP2,10,036710,심텍홀딩스,87.0,N,Y,,61,61,chart-top2/v1/badge-pool,6b6b9f4d,35824864697,2026-09-23T15:05:46.463547+09:00
2026-09-23,수급TOP2,1,080580,오킨스전자,99.0,Y,Y,,17,17,supply-top2/v2/gate-pass,6b6b9f4d,35824864697,2026-09-23T15:05:46.464246+09:00
2026-09-23,수급TOP2,2,005290,동진쎄미켐,94.0,Y,Y,,17,17,supply-top2/v2/gate-pass,6b6b9f4d,35824864697,2026-09-23T15:05:46.464246+09:00
2026-09-23,수급TOP2,3,347700,스피어,92.0,N,Y,,17,17,supply-top2/v2/gate-pass,6b6b9f4d,35824864697,2026-09-23T15:05:46.464246+09:00
2026-09-23,수급TOP2,4,387690,레메디,82.0,N,Y,,17,17,supply-top2/v2/gate-pass,6b6b9f4d,35824864697,2026-09-23T15:05:46.464246+09:00
2026-09-23,수급TOP2,5,079370,제우스,82.0,N,Y,,17,17,supply-top2/v2/gate-pass,6b6b9f4d,35824864697,2026-09-23T15:05:46.464246+09:00
2026-09-23,수급TOP2,6,446540,메가터치,80.0,N,Y,,17,17,supply-top2/v2/gate-pass,6b6b9f4d,35824864697,2026-09-23T15:05:46.464246+09:00
2026-09-23,수급TOP2,7,042000,카페24,79.0,N,Y,,17,17,supply-top2/v2/gate-pass,6b6b9f4d,35824864697,2026-09-23T15:05:46.464246+09:00
2026-09-23,수급TOP2,8,393210,토마토시스템,76.0,N,Y,,17,17,supply-top2/v2/gate-pass,6b6b9f4d,35824864697,2026-09-23T15:05:46.464246+09:00
2026-09-23,수급TOP2,9,356680,엑스게이트,76.0,N,Y,,17,17,supply-top2/v2/gate-pass,6b6b9f4d,35824864697,2026-09-23T15:05:46.464246+09:00
2026-09-23,수급TOP2,10,030530,원익홀딩스,48.0,N,Y,,17,17,supply-top2/v2/gate-pass,6b6b9f4d,35824864697,2026-09-23T15:05:46.464246+09:00
2026-09-28,차트TOP2,1,005830,DB손해보험,100.0,Y,Y,,10,10,chart-top2/v1/badge-pool,890dc6a5,36384451492,2026-09-28T15:05:19.497215+09:00
2026-09-28,차트TOP2,2,082920,비츠로셀,100.0,Y,Y,,10,10,chart-top2/v1/badge-pool,890dc6a5,36384451492,2026-09-28T15:05:19.497215+09:00
2026-09-28,차트TOP2,3,032640,LG유플러스,94.0,N,Y,,10,10,chart-top2/v1/badge-pool,890dc6a5,36384451492,2026-09-28T15:05:19.497215+09:00
2026-09-28,차트TOP2,4,365660,레몬헬스케어,86.0,N,Y,,10,10,chart-top2/v1/badge-pool,890dc6a5,36384451492,2026-09-28T15:05:19.497215+09:00
2026-09-28,차트TOP2,5,002380,KCC,74.0,N,Y,,10,10,chart-top2/v1/badge-pool,890dc6a5,36384451492,2026-09-28T15:05:19.497215+09:00
2026-09-28,차트TOP2,6,462870,시프트업,74.0,N,Y,,10,10,chart-top2/v1/badge-pool,890dc6a5,36384451492,2026-09-28T15:05:19.497215+09:00
2026-09-28,차트TOP2,7,051910,LG화학,57.0,N,Y,,10,10,chart-top2/v1/badge-pool,890dc6a5,36384451492,2026-09-28T15:05:19.497215+09:00
2026-09-28,차트TOP2,8,278470,에이피알,47.0,N,Y,,10,10,chart-top2/v1/badge-pool,890dc6a5,36384451492,2026-09-28T15:05:19.497215+09:00
2026-09-28,차트TOP2,9,094480,갤럭시아머니트리,40.0,N,Y,,10,10,chart-top2/v1/badge-pool,890dc6a5,36384451492,2026-09-28T15:05:19.497215+09:00
2026-09-28,차트TOP2,10,293580,나우IB,40.0,N,Y,,10,10,chart-top2/v1/badge-pool,890dc6a5,36384451492,2026-09-28T15:05:19.497215+09:00
2026-09-29,차트TOP2,1,452190,한빛레이저,100.0,Y,Y,,72,72,chart-top2/v1/badge-pool,9d228318,36528965898,2026-09-29T15:05:00.770030+09:00
2026-09-29,차트TOP2,2,403870,HPSP,100.0,Y,Y,,72,72,chart-top2/v1/badge-pool,9d228318,36528965898,2026-09-29T15:05:00.770030+09:00
2026-09-29,차트TOP2,3,306200,세아제강,100.0,N,Y,,72,72,chart-top2/v1/badge-pool,9d228318,36528965898,2026-09-29T15:05:00.770030+09:00
2026-09-29,차트TOP2,4,032640,LG유플러스,100.0,N,Y,,72,72,chart-top2/v1/badge-pool,9d228318,36528965898,2026-09-29T15:05:00.770030+09:00
2026-09-29,차트TOP2,5,005830,DB손해보험,100.0,N,Y,,72,72,chart-top2/v1/badge-pool,9d228318,36528965898,2026-09-29T15:05:00.770030+09:00
2026-09-29,차트TOP2,6,161390,한국타이어앤테크놀로지,100.0,N,Y,,72,72,chart-top2/v1/badge-pool,9d228318,36528965898,2026-09-29T15:05:00.770030+09:00
2026-09-29,차트TOP2,7,003490,대한항공,100.0,N,Y,,72,72,chart-top2/v1/badge-pool,9d228318,36528965898,2026-09-29T15:05:00.770030+09:00
2026-09-29,차트TOP2,8,078150,HB테크놀러지,94.0,N,Y,,72,72,chart-top2/v1/badge-pool,9d228318,36528965898,2026-09-29T15:05:00.770030+09:00
2026-09-29,차트TOP2,9,003690,코리안리,94.0,N,Y,,72,72,chart-top2/v1/badge-pool,9d228318,36528965898,2026-09-29T15:05:00.770030+09:00
2026-09-29,차트TOP2,10,047920,HLB제약,93.0,N,Y,,72,72,chart-top2/v1/badge-pool,9d228318,36528965898,2026-09-29T15:05:00.770030+09:00
2026-09-29,수급TOP2,1,403870,HPSP,100.0,Y,Y,,17,17,supply-top2/v2/gate-pass,9d228318,36528965898,2026-09-29T15:05:00.770876+09:00
2026-09-29,수급TOP2,2,042700,한미반도체,100.0,Y,Y,,17,17,supply-top2/v2/gate-pass,9d228318,36528965898,2026-09-29T15:05:00.770876+09:00
2026-09-29,수급TOP2,3,452190,한빛레이저,97.0,N,Y,,17,17,supply-top2/v2/gate-pass,9d228318,36528965898,2026-09-29T15:05:00.770876+09:00
2026-09-29,수급TOP2,4,047920,HLB제약,94.0,N,Y,,17,17,supply-top2/v2/gate-pass,9d228318,36528965898,2026-09-29T15:05:00.770876+09:00
2026-09-29,수급TOP2,5,064760,티씨케이,94.0,N,Y,,17,17,supply-top2/v2/gate-pass,9d228318,36528965898,2026-09-29T15:05:00.770876+09:00
2026-09-29,수급TOP2,6,490470,세미파이브,90.0,N,Y,,17,17,supply-top2/v2/gate-pass,9d228318,36528965898,2026-09-29T15:05:00.770876+09:00
2026-09-29,수급TOP2,7,077360,덕산하이메탈,78.0,N,Y,,17,17,supply-top2/v2/gate-pass,9d228318,36528965898,2026-09-29T15:05:00.770876+09:00
2026-09-29,수급TOP2,8,001820,삼화콘덴서,78.0,N,Y,,17,17,supply-top2/v2/gate-pass,9d228318,36528965898,2026-09-29T15:05:00.770876+09:00
2026-09-29,수급TOP2,9,267320,나인테크,76.0,N,Y,,17,17,supply-top2/v2/gate-pass,9d228318,36528965898,2026-09-29T15:05:00.770876+09:00
2026-09-29,수급TOP2,10,086960,MDS테크,76.0,N,Y,,17,17,supply-top2/v2/gate-pass,9d228318,36528965898,2026-09-29T15:05:00.770876+09:00
2026-09-30,차트TOP2,1,200470,에이팩트,100.0,Y,Y,,71,71,chart-top2/v1/badge-pool,19f455cd,36676142658,2026-09-30T15:05:38.692311+09:00
2026-09-30,차트TOP2,2,457190,이수스페셜티케미컬,91.0,Y,Y,,71,71,chart-top2/v1/badge-pool,19f455cd,36676142658,2026-09-30T15:05:38.692311+09:00
2026-09-30,차트TOP2,3,112290,와이씨켐,91.0,N,Y,,71,71,chart-top2/v1/badge-pool,19f455cd,36676142658,2026-09-30T15:05:38.692311+09:00
2026-09-30,차트TOP2,4,033640,네패스,87.0,N,Y,,71,71,chart-top2/v1/badge-pool,19f455cd,36676142658,2026-09-30T15:05:38.692311+09:00
2026-09-30,차트TOP2,5,000500,가온전선,87.0,N,Y,,71,71,chart-top2/v1/badge-pool,19f455cd,36676142658,2026-09-30T15:05:38.692311+09:00
2026-09-30,차트TOP2,6,058470,리노공업,87.0,N,Y,,71,71,chart-top2/v1/badge-pool,19f455cd,36676142658,2026-09-30T15:05:38.692311+09:00
2026-09-30,차트TOP2,7,218410,RFHIC,87.0,N,Y,,71,71,chart-top2/v1/badge-pool,19f455cd,36676142658,2026-09-30T15:05:38.692311+09:00
2026-09-30,차트TOP2,8,126730,코칩,87.0,N,Y,,71,71,chart-top2/v1/badge-pool,19f455cd,36676142658,2026-09-30T15:05:38.692311+09:00
2026-09-30,차트TOP2,9,042700,한미반도체,87.0,N,Y,,71,71,chart-top2/v1/badge-pool,19f455cd,36676142658,2026-09-30T15:05:38.692311+09:00
2026-09-30,차트TOP2,10,093370,후성,80.0,N,Y,,71,71,chart-top2/v1/badge-pool,19f455cd,36676142658,2026-09-30T15:05:38.692311+09:00
2026-09-30,수급TOP2,1,200470,에이팩트,94.0,Y,Y,,14,14,supply-top2/v2/gate-pass,19f455cd,36676142658,2026-09-30T15:05:38.693257+09:00
2026-09-30,수급TOP2,2,011790,SKC,94.0,Y,Y,,14,14,supply-top2/v2/gate-pass,19f455cd,36676142658,2026-09-30T15:05:38.693257+09:00
2026-09-30,수급TOP2,3,457190,이수스페셜티케미컬,82.0,N,Y,,14,14,supply-top2/v2/gate-pass,19f455cd,36676142658,2026-09-30T15:05:38.693257+09:00
2026-09-30,수급TOP2,4,043260,성호전자,76.0,N,Y,,14,14,supply-top2/v2/gate-pass,19f455cd,36676142658,2026-09-30T15:05:38.693257+09:00
2026-09-30,수급TOP2,5,008970,KBI동양철관,49.0,N,Y,,14,14,supply-top2/v2/gate-pass,19f455cd,36676142658,2026-09-30T15:05:38.693257+09:00
2026-09-30,수급TOP2,6,002710,TCC스틸,47.0,N,Y,,14,14,supply-top2/v2/gate-pass,19f455cd,36676142658,2026-09-30T15:05:38.693257+09:00
2026-09-30,수급TOP2,7,071090,하이스틸,47.0,N,Y,,14,14,supply-top2/v2/gate-pass,19f455cd,36676142658,2026-09-30T15:05:38.693257+09:00
2026-09-30,수급TOP2,8,053260,금강철강,47.0,N,Y,,14,14,supply-top2/v2/gate-pass,19f455cd,36676142658,2026-09-30T15:05:38.693257+09:00
2026-09-30,수급TOP2,9,092790,넥스틸,46.0,N,Y,,14,14,supply-top2/v2/gate-pass,19f455cd,36676142658,2026-09-30T15:05:38.693257+09:00
2026-09-30,수급TOP2,10,441270,파인엠텍,44.0,N,Y,,14,14,supply-top2/v2/gate-pass,19f455cd,36676142658,2026-09-30T15:05:38.693257+09:00
2026-10-01,차트TOP2,1,001120,LX인터내셔널,100.0,Y,Y,,93,93,chart-top2/v1/badge-pool,8f689e67,36822622317,2026-10-01T15:05:12.131097+09:00
2026-10-01,차트TOP2,2,080220,제주반도체,100.0,Y,Y,,93,93,chart-top2/v1/badge-pool,8f689e67,36822622317,2026-10-01T15:05:12.131097+09:00
2026-10-01,차트TOP2,3,101490,에스앤에스텍,100.0,N,Y,,93,93,chart-top2/v1/badge-pool,8f689e67,36822622317,2026-10-01T15:05:12.131097+09:00
2026-10-01,차트TOP2,4,373220,LG에너지솔루션,100.0,N,Y,,93,93,chart-top2/v1/badge-pool,8f689e67,36822622317,2026-10-01T15:05:12.131097+09:00
2026-10-01,차트TOP2,5,052710,아모텍,100.0,N,Y,,93,93,chart-top2/v1/badge-pool,8f689e67,36822622317,2026-10-01T15:05:12.131097+09:00
2026-10-01,차트TOP2,6,010060,OCI홀딩스,100.0,N,Y,,93,93,chart-top2/v1/badge-pool,8f689e67,36822622317,2026-10-01T15:05:12.131097+09:00
2026-10-01,차트TOP2,7,039440,에스티아이,100.0,N,Y,,93,93,chart-top2/v1/badge-pool,8f689e67,36822622317,2026-10-01T15:05:12.131097+09:00
2026-10-01,차트TOP2,8,192650,드림텍,97.0,N,Y,,93,93,chart-top2/v1/badge-pool,8f689e67,36822622317,2026-10-01T15:05:12.131097+09:00
2026-10-01,차트TOP2,9,096530,씨젠,94.0,N,Y,,93,93,chart-top2/v1/badge-pool,8f689e67,36822622317,2026-10-01T15:05:12.131097+09:00
2026-10-01,차트TOP2,10,333430,일승,94.0,N,Y,,93,93,chart-top2/v1/badge-pool,8f689e67,36822622317,2026-10-01T15:05:12.131097+09:00
2026-10-01,수급TOP2,1,080220,제주반도체,100.0,Y,Y,,16,16,supply-top2/v2/gate-pass,8f689e67,36822622317,2026-10-01T15:05:12.131963+09:00
2026-10-01,수급TOP2,2,052710,아모텍,97.0,Y,Y,,16,16,supply-top2/v2/gate-pass,8f689e67,36822622317,2026-10-01T15:05:12.131963+09:00
2026-10-01,수급TOP2,3,192650,드림텍,97.0,N,Y,,16,16,supply-top2/v2/gate-pass,8f689e67,36822622317,2026-10-01T15:05:12.131963+09:00
2026-10-01,수급TOP2,4,440110,파두,91.0,N,Y,,16,16,supply-top2/v2/gate-pass,8f689e67,36822622317,2026-10-01T15:05:12.131963+09:00
2026-10-01,수급TOP2,5,036570,NC,91.0,N,Y,,16,16,supply-top2/v2/gate-pass,8f689e67,36822622317,2026-10-01T15:05:12.131963+09:00
2026-10-01,수급TOP2,6,058470,리노공업,89.0,N,Y,,16,16,supply-top2/v2/gate-pass,8f689e67,36822622317,2026-10-01T15:05:12.131963+09:00
2026-10-01,수급TOP2,7,490470,세미파이브,77.0,N,Y,,16,16,supply-top2/v2/gate-pass,8f689e67,36822622317,2026-10-01T15:05:12.131963+09:00
2026-10-01,수급TOP2,8,101490,에스앤에스텍,76.0,N,Y,,16,16,supply-top2/v2/gate-pass,8f689e67,36822622317,2026-10-01T15:05:12.131963+09:00
2026-10-01,수급TOP2,9,098460,고영,50.0,N,Y,,16,16,supply-top2/v2/gate-pass,8f689e67,36822622317,2026-10-01T15:05:12.131963+09:00
2026-10-01,수급TOP2,10,089030,테크윙,48.0,N,Y,,16,16,supply-top2/v2/gate-pass,8f689e67,36822622317,2026-10-01T15:05:12.131963+09:00
2026-10-02,차트TOP2,1,006730,서부T&D,100.0,Y,Y,,178,178,chart-top2/v1/badge-pool,e73dbbfd,36971578964,2026-10-02T15:05:27.777519+09:00
2026-10-02,차트TOP2,2,217590,티엠씨,100.0,Y,Y,,178,178,chart-top2/v1/badge-pool,e73dbbfd,36971578964,2026-10-02T15:05:27.777519+09:00
2026-10-02,차트TOP2,3,373220,LG에너지솔루션,100.0,N,Y,,178,178,chart-top2/v1/badge-pool,e73dbbfd,36971578964,2026-10-02T15:05:27.777519+09:00
2026-10-02,차트TOP2,4,161390,한국타이어앤테크놀로지,100.0,N,Y,,178,178,chart-top2/v1/badge-pool,e73dbbfd,36971578964,2026-10-02T15:05:27.777519+09:00
2026-10-02,차트TOP2,5,007660,이수페타시스,100.0,N,Y,,178,178,chart-top2/v1/badge-pool,e73dbbfd,36971578964,2026-10-02T15:05:27.777519+09:00
2026-10-02,차트TOP2,6,100590,머큐리,100.0,N,Y,,178,178,chart-top2/v1/badge-pool,e73dbbfd,36971578964,2026-10-02T15:05:27.777519+09:00
2026-10-02,차트TOP2,7,066570,LG전자,100.0,N,Y,,178,178,chart-top2/v1/badge-pool,e73dbbfd,36971578964,2026-10-02T15:05:27.777519+09:00
2026-10-02,차트TOP2,8,010120,LS ELECTRIC,100.0,N,Y,,178,178,chart-top2/v1/badge-pool,e73dbbfd,36971578964,2026-10-02T15:05:27.777519+09:00
2026-10-02,차트TOP2,9,047050,포스코인터내셔널,100.0,N,Y,,178,178,chart-top2/v1/badge-pool,e73dbbfd,36971578964,2026-10-02T15:05:27.777519+09:00
2026-10-02,차트TOP2,10,488900,비츠로넥스텍,100.0,N,Y,,178,178,chart-top2/v1/badge-pool,e73dbbfd,36971578964,2026-10-02T15:05:27.777519+09:00
2026-10-02,수급TOP2,1,217590,티엠씨,100.0,Y,Y,,22,22,supply-top2/v2/gate-pass,e73dbbfd,36971578964,2026-10-02T15:05:27.778762+09:00
2026-10-02,수급TOP2,2,020150,롯데에너지머티리얼즈,99.0,Y,Y,,22,22,supply-top2/v2/gate-pass,e73dbbfd,36971578964,2026-10-02T15:05:27.778762+09:00
2026-10-02,수급TOP2,3,322000,HD현대에너지솔루션,99.0,N,Y,,22,22,supply-top2/v2/gate-pass,e73dbbfd,36971578964,2026-10-02T15:05:27.778762+09:00
2026-10-02,수급TOP2,4,327260,RF머트리얼즈,94.0,N,Y,,22,22,supply-top2/v2/gate-pass,e73dbbfd,36971578964,2026-10-02T15:05:27.778762+09:00
2026-10-02,수급TOP2,5,046970,우리로,80.0,N,Y,,22,22,supply-top2/v2/gate-pass,e73dbbfd,36971578964,2026-10-02T15:05:27.778762+09:00
2026-10-02,수급TOP2,6,478340,나라스페이스테크놀로지,79.0,N,Y,,22,22,supply-top2/v2/gate-pass,e73dbbfd,36971578964,2026-10-02T15:05:27.778762+09:00
2026-10-02,수급TOP2,7,209640,와이제이링크,76.0,N,Y,,22,22,supply-top2/v2/gate-pass,e73dbbfd,36971578964,2026-10-02T15:05:27.778762+09:00
2026-10-02,수급TOP2,8,078600,대주전자재료,50.0,N,Y,,22,22,supply-top2/v2/gate-pass,e73dbbfd,36971578964,2026-10-02T15:05:27.778762+09:00
2026-10-02,수급TOP2,9,080580,오킨스전자,49.0,N,Y,,22,22,supply-top2/v2/gate-pass,e73dbbfd,36971578964,2026-10-02T15:05:27.778762+09:00
2026-10-02,수급TOP2,10,125490,한라캐스트,46.0,N,Y,,22,22,supply-top2/v2/gate-pass,e73dbbfd,36971578964,2026-10-02T15:05:27.778762+09:00
2026-10-06,차트TOP2,1,017670,SK텔레콤,100.0,Y,Y,,89,89,chart-top2/v1/badge-pool,3ce7210e,37421498320,2026-10-06T15:07:33.002031+09:00
2026-10-06,차트TOP2,2,047050,포스코인터내셔널,100.0,Y,Y,,89,89,chart-top2/v1/badge-pool,3ce7210e,37421498320,2026-10-06T15:07:33.002031+09:00
2026-10-06,차트TOP2,3,160190,하이젠알앤엠,94.0,N,Y,,89,89,chart-top2/v1/badge-pool,3ce7210e,37421498320,2026-10-06T15:07:33.002031+09:00
2026-10-06,차트TOP2,4,120110,코오롱인더,94.0,N,Y,,89,89,chart-top2/v1/badge-pool,3ce7210e,37421498320,2026-10-06T15:07:33.002031+09:00
2026-10-06,차트TOP2,5,005490,POSCO홀딩스,94.0,N,Y,,89,89,chart-top2/v1/badge-pool,3ce7210e,37421498320,2026-10-06T15:07:33.002031+09:00
2026-10-06,차트TOP2,6,143240,사람인,94.0,N,Y,,89,89,chart-top2/v1/badge-pool,3ce7210e,37421498320,2026-10-06T15:07:33.002031+09:00
2026-10-06,차트TOP2,7,009580,무림P&P,94.0,N,Y,,89,89,chart-top2/v1/badge-pool,3ce7210e,37421498320,2026-10-06T15:07:33.002031+09:00
2026-10-06,차트TOP2,8,096770,SK이노베이션,94.0,N,Y,,89,89,chart-top2/v1/badge-pool,3ce7210e,37421498320,2026-10-06T15:07:33.002031+09:00
2026-10-06,차트TOP2,9,203650,드림시큐리티,93.0,N,Y,,89,89,chart-top2/v1/badge-pool,3ce7210e,37421498320,2026-10-06T15:07:33.002031+09:00
2026-10-06,차트TOP2,10,263860,지니언스,93.0,N,Y,,89,89,chart-top2/v1/badge-pool,3ce7210e,37421498320,2026-10-06T15:07:33.002031+09:00
2026-10-06,수급TOP2,1,247540,에코프로비엠,100.0,Y,Y,,21,21,supply-top2/v2/gate-pass,3ce7210e,37421498320,2026-10-06T15:07:33.003381+09:00
2026-10-06,수급TOP2,2,011070,LG이노텍,99.0,Y,Y,,21,21,supply-top2/v2/gate-pass,3ce7210e,37421498320,2026-10-06T15:07:33.003381+09:00
2026-10-06,수급TOP2,3,066570,LG전자,99.0,N,Y,,21,21,supply-top2/v2/gate-pass,3ce7210e,37421498320,2026-10-06T15:07:33.003381+09:00
2026-10-06,수급TOP2,4,007660,이수페타시스,94.0,N,Y,,21,21,supply-top2/v2/gate-pass,3ce7210e,37421498320,2026-10-06T15:07:33.003381+09:00
2026-10-06,수급TOP2,5,203650,드림시큐리티,93.0,N,Y,,21,21,supply-top2/v2/gate-pass,3ce7210e,37421498320,2026-10-06T15:07:33.003381+09:00
2026-10-06,수급TOP2,6,263860,지니언스,90.0,N,Y,,21,21,supply-top2/v2/gate-pass,3ce7210e,37421498320,2026-10-06T15:07:33.003381+09:00
2026-10-06,수급TOP2,7,067630,HLB생명과학,79.0,N,Y,,21,21,supply-top2/v2/gate-pass,3ce7210e,37421498320,2026-10-06T15:07:33.003381+09:00
2026-10-06,수급TOP2,8,158430,아톤,77.0,N,Y,,21,21,supply-top2/v2/gate-pass,3ce7210e,37421498320,2026-10-06T15:07:33.003381+09:00
2026-10-06,수급TOP2,9,488280,에스투더블유,77.0,N,Y,,21,21,supply-top2/v2/gate-pass,3ce7210e,37421498320,2026-10-06T15:07:33.003381+09:00
2026-10-06,수급TOP2,10,373220,LG에너지솔루션,52.0,N,Y,,21,21,supply-top2/v2/gate-pass,3ce7210e,37421498320,2026-10-06T15:07:33.003381+09:00
2026-10-07,차트TOP2,1,005950,이수화학,100.0,Y,Y,,7,7,chart-top2/v1/badge-pool,11e1d9f1,37579270264,2026-10-07T15:05:39.594814+09:00
2026-10-07,차트TOP2,2,082920,비츠로셀,100.0,Y,Y,,7,7,chart-top2/v1/badge-pool,11e1d9f1,37579270264,2026-10-07T15:05:39.594814+09:00
2026-10-07,차트TOP2,3,021240,코웨이,100.0,N,Y,,7,7,chart-top2/v1/badge-pool,11e1d9f1,37579270264,2026-10-07T15:05:39.594814+09:00
2026-10-07,차트TOP2,4,112610,씨에스윈드,97.0,N,Y,,7,7,chart-top2/v1/badge-pool,11e1d9f1,37579270264,2026-10-07T15:05:39.594814+09:00
2026-10-07,차트TOP2,5,108490,로보티즈,84.0,N,Y,,7,7,chart-top2/v1/badge-pool,11e1d9f1,37579270264,2026-10-07T15:05:39.594814+09:00
2026-10-07,차트TOP2,6,0156T0,에이치엘지노믹스,74.0,N,Y,,7,7,chart-top2/v1/badge-pool,11e1d9f1,37579270264,2026-10-07T15:05:39.594814+09:00
2026-10-07,차트TOP2,7,093320,케이아이엔엑스,54.0,N,Y,,7,7,chart-top2/v1/badge-pool,11e1d9f1,37579270264,2026-10-07T15:05:39.594814+09:00
2026-10-08,차트TOP2,1,352820,하이브,74.0,Y,Y,,3,3,chart-top2/v1/badge-pool,2fcb371d,37735366793,2026-10-08T15:06:06.204104+09:00
2026-10-08,차트TOP2,2,005830,DB손해보험,74.0,Y,Y,,3,3,chart-top2/v1/badge-pool,2fcb371d,37735366793,2026-10-08T15:06:06.204104+09:00
2026-10-08,차트TOP2,3,340810,시선AI,40.0,N,Y,,3,3,chart-top2/v1/badge-pool,2fcb371d,37735366793,2026-10-08T15:06:06.204104+09:00
