cycle_date,run_id,source,verdict,fingerprint,ci_green,earnings_schema_ok,dart_complete,no_silent_parse_error,store_written,ledger_written,no_unexplained_failure,aux_state,note,gate_version
2026-09-19,skip-2026-09-19,cycle,SKIP,06855b9c72bf,-,-,-,-,-,-,-,,,stability-gate-v2
2026-09-21,35566707800,cycle,FAIL,d445958b549a,N,N,N,N,N,N,N,영수증없음,"ci_green:scanner 영수증 없음; earnings_schema_ok:earnings 영수증 없음; dart_complete:earnings 영수증 없음; no_silent_parse_error:scanner 영수증 없음; store_written:scanner 영수증 없음; ledger_written:scanner 영수증 없음; no_unexplained_failure:영수증없음=['scanner', 'analyst', 'earnings'] 기대상태미달=[] 최종아님=[] workflow=['main.yml=결론없음', 'ai_report.yml=결론없음', 'earnings_collector.yml=결론없음'] 깨진파일=0",stability-gate-v3
2026-09-22,35692925494+35693018949,cycle,FAIL,bfb421d66cb9,N,N,N,N,N,N,N,영수증없음,"ci_green:scanner 영수증 없음; earnings_schema_ok:earnings 영수증 없음; dart_complete:earnings 영수증 없음; no_silent_parse_error:scanner 영수증 없음; store_written:scanner 영수증 없음; ledger_written:scanner 영수증 없음; no_unexplained_failure:영수증없음=['scanner', 'analyst', 'earnings'] 기대상태미달=[] 최종아님=[] workflow=['main.yml=결론없음', 'ai_report.yml=결론없음', 'earnings_collector.yml=결론없음'] 깨진파일=0",stability-gate-v3
2026-09-23,35824763918+35824864697+35855868169+35859980013+35880293695+35882447620,cycle,PASS,bfb421d66cb9,Y,Y,Y,Y,Y,Y,Y,DEGRADED,,stability-gate-v3
2026-09-28,36384349769+36384451492+36417018986+36421326797,cycle,PASS,1af4a5c8d3a5,Y,Y,Y,Y,Y,Y,Y,DEGRADED,,stability-gate-v3
2026-09-29,36528854523+36528965898+36563168935+36567585328,cycle,PASS,1af4a5c8d3a5,Y,Y,Y,Y,Y,Y,Y,DEGRADED,,stability-gate-v3
2026-09-30,36676032713+36676142658+36709951195+36714207196,cycle,PASS,1af4a5c8d3a5,Y,Y,Y,Y,Y,Y,Y,DEGRADED,,stability-gate-v3
2026-10-01,36822513470+36822622317+36856804815+36861261558,cycle,PASS,1af4a5c8d3a5,Y,Y,Y,Y,Y,Y,Y,DEGRADED,,stability-gate-v3
2026-10-02,36971472870+36971578964+37002264489+37006219696,cycle,FAIL,a560a863a0c4,Y,Y,Y,Y,Y,Y,N,SKIPPED,no_unexplained_failure:영수증없음=[] 기대상태미달=[] 최종아님=[] workflow=['ai_report.yml=failure'] 깨진파일=0,stability-gate-v3
2026-10-06,37421379336+37421498320+37457928512+37462690659,cycle,PASS,ced06ffb5659,Y,Y,Y,Y,Y,Y,Y,DEGRADED,,stability-gate-v3
2026-10-07,37579148280+37579270264+37615633702+37620432233,cycle,PASS,ced06ffb5659,Y,Y,Y,Y,Y,Y,Y,DEGRADED,,stability-gate-v3
2026-10-08,37735244927+37735366793+37736258394+37771571995+37776305612,cycle,FAIL,ced06ffb5659,Y,Y,Y,Y,N,Y,N,DEGRADED,store_written:feature_store(행=0 버림=0) rank_pool(행=0 버림=0) 날짜=2026-10-08/2026-10-08 사이클일치=True 지문일치=True; no_unexplained_failure:영수증없음=[] 기대상태미달=['scanner'] 최종아님=[] workflow=ok 깨진파일=0,stability-gate-v3
