at,kind,runId,name,bytes,sha256,driveId,status,error,verified
2026-10-06T04:34:53+09:00,bars,37362926165,research_bars_2026-10-02_37362926165_part1of2.csv.gz,1904395,37e6e1a204840bac99140399c645e99be0e56c9ae621f7822c495e85a19c1aa5,1IfiBhpMmvKuFM6xTlaELkrpFyAgjMTPi,접수,,
2026-10-06T04:35:01+09:00,bars,37362926165,research_bars_2026-10-02_37362926165_part2of2.csv.gz,1922891,65e61dc32290d733128c57932092201798102f51d49112b51fd504a553923f26,1fbhuzBwUGAQ801VmRwLOlbMBYma5SKg1,접수,,
2026-10-06T04:35:11+09:00,bars,37362926165,research_bars_2026-10-02_37362926165_status.json.gz,7077,2976c20c208bf4b581c0e85524b54224fbac9166f45a95456fb54f79a64d465a,1WzyT8BwRLuQo_KruU_I5bVsJCDFyT-Jj,접수,,
2026-10-06T16:29:27+09:00,stockinfo7,37408390478,research_stockinfo7_2026-10-06_162927_37408390478.json.gz,14481,a720d402fe97df94b05362977de3ea3b7d080a30fea4baf6167ebfed5f682449,1ictAvg0d1qaEdkzbRwatvYYPEh2BBr5l,접수,,
2026-10-06T20:00:06+09:00,bars,37452076501,research_bars_2026-10-06_37452076501_part1of2.csv.gz,1918994,3c514dd160b7a69394f8da7409f31c845683b5af5a4c49aacc891405f8385e1f,1kaWkKNOWDf4pz20GClr3mmCRH4PJlCgz,접수,,
2026-10-06T20:00:26+09:00,bars,37452076501,research_bars_2026-10-06_37452076501_part2of2.csv.gz,1933013,f99bcd428c97458a28da1d22d8773ac8df6ee81914bf5c54cbf05d0eafcec8ae,1ey26YPl-dsrMGubxqZY7HpKhnXfF5yVI,접수,,
2026-10-06T20:00:36+09:00,bars,37452076501,research_bars_2026-10-06_37452076501_status.json.gz,7142,6d0560a699dcdf23371f7694a172df55feeda5326f7b81fa8ad6f2256e87568c,1V1Aefg8NVUyZd7ONDjJu3gNUiZWVgx7n,접수,,
2026-10-07T15:19:19+09:00,stockinfo7,37566166541,research_stockinfo7_2026-10-07_151919_37566166541.json.gz,13485,2af0bdd9ba8f2a8594aafc2de07c3fc9775071bdeecd77465774036c697c0f64,1YoQNnRPcitvToSqMTlcWc47Vo_QchF3k,접수,,
2026-10-07T16:29:31+09:00,stockinfo7,37566166541,research_stockinfo7_2026-10-07_162931_37566166541.json.gz,13613,3696712c12ac5fb8d94245e0a9611e67334231b279ccd34a200964bf2978824e,1U_icqluEJX4WPT1DiYYDDP8lLRV8-qE0,접수,,
