day,runId,requestedAt,receivedAt,parsedAt,http,class,header,screenDay,screenHour,cards,rows,digest,privateFile
2026-10-06,37408390478,2026-10-06T12:19:03+09:00,2026-10-06T12:19:04+09:00,2026-10-06T12:19:04+09:00,200,날짜불일치,2026-10-02 16시,2026-10-02,16,21,104,6341f6d7f957,
2026-10-06,37408390478,2026-10-06T12:29:04+09:00,2026-10-06T12:29:05+09:00,2026-10-06T12:29:05+09:00,200,날짜불일치,2026-10-02 16시,2026-10-02,16,21,104,6341f6d7f957,
2026-10-06,37408390478,2026-10-06T12:39:05+09:00,2026-10-06T12:39:06+09:00,2026-10-06T12:39:06+09:00,200,날짜불일치,2026-10-02 16시,2026-10-02,16,21,104,6341f6d7f957,
2026-10-06,37408390478,2026-10-06T12:49:06+09:00,2026-10-06T12:49:07+09:00,2026-10-06T12:49:07+09:00,200,날짜불일치,2026-10-02 16시,2026-10-02,16,21,104,6341f6d7f957,
2026-10-06,37408390478,2026-10-06T12:59:07+09:00,2026-10-06T12:59:08+09:00,2026-10-06T12:59:08+09:00,200,날짜불일치,2026-10-02 16시,2026-10-02,16,21,104,6341f6d7f957,
2026-10-06,37408390478,2026-10-06T13:09:08+09:00,2026-10-06T13:09:09+09:00,2026-10-06T13:09:09+09:00,200,날짜불일치,2026-10-02 16시,2026-10-02,16,21,104,6341f6d7f957,
2026-10-06,37408390478,2026-10-06T13:19:09+09:00,2026-10-06T13:19:10+09:00,2026-10-06T13:19:10+09:00,200,날짜불일치,2026-10-02 16시,2026-10-02,16,21,104,6341f6d7f957,
2026-10-06,37408390478,2026-10-06T13:29:10+09:00,2026-10-06T13:29:10+09:00,2026-10-06T13:29:10+09:00,200,날짜불일치,2026-10-02 16시,2026-10-02,16,21,104,6341f6d7f957,
2026-10-06,37408390478,2026-10-06T13:39:11+09:00,2026-10-06T13:39:11+09:00,2026-10-06T13:39:11+09:00,200,날짜불일치,2026-10-02 16시,2026-10-02,16,21,104,6341f6d7f957,
2026-10-06,37408390478,2026-10-06T13:49:12+09:00,2026-10-06T13:49:12+09:00,2026-10-06T13:49:12+09:00,200,날짜불일치,2026-10-02 16시,2026-10-02,16,21,104,6341f6d7f957,
2026-10-06,37408390478,2026-10-06T13:59:13+09:00,2026-10-06T13:59:13+09:00,2026-10-06T13:59:13+09:00,200,날짜불일치,2026-10-02 16시,2026-10-02,16,21,104,6341f6d7f957,
2026-10-06,37408390478,2026-10-06T14:09:13+09:00,2026-10-06T14:09:14+09:00,2026-10-06T14:09:14+09:00,200,날짜불일치,2026-10-02 16시,2026-10-02,16,21,104,6341f6d7f957,
2026-10-06,37408390478,2026-10-06T14:19:15+09:00,2026-10-06T14:19:15+09:00,2026-10-06T14:19:15+09:00,200,날짜불일치,2026-10-02 16시,2026-10-02,16,21,104,6341f6d7f957,
2026-10-06,37408390478,2026-10-06T14:29:15+09:00,2026-10-06T14:29:16+09:00,2026-10-06T14:29:16+09:00,200,날짜불일치,2026-10-02 16시,2026-10-02,16,21,104,6341f6d7f957,
2026-10-06,37408390478,2026-10-06T14:39:16+09:00,2026-10-06T14:39:17+09:00,2026-10-06T14:39:17+09:00,200,날짜불일치,2026-10-02 16시,2026-10-02,16,21,104,6341f6d7f957,
2026-10-06,37408390478,2026-10-06T14:49:17+09:00,2026-10-06T14:49:18+09:00,2026-10-06T14:49:18+09:00,200,날짜불일치,2026-10-02 16시,2026-10-02,16,21,104,6341f6d7f957,
2026-10-06,37408390478,2026-10-06T14:59:18+09:00,2026-10-06T14:59:19+09:00,2026-10-06T14:59:19+09:00,200,날짜불일치,2026-10-02 16시,2026-10-02,16,21,104,6341f6d7f957,
2026-10-06,37408390478,2026-10-06T15:09:19+09:00,2026-10-06T15:09:20+09:00,2026-10-06T15:09:20+09:00,200,날짜불일치,2026-10-02 16시,2026-10-02,16,21,104,6341f6d7f957,
2026-10-06,37408390478,2026-10-06T15:19:20+09:00,2026-10-06T15:19:21+09:00,2026-10-06T15:19:21+09:00,200,날짜불일치,2026-10-02 16시,2026-10-02,16,21,104,6341f6d7f957,
2026-10-06,37408390478,2026-10-06T15:29:21+09:00,2026-10-06T15:29:22+09:00,2026-10-06T15:29:22+09:00,200,날짜불일치,2026-10-02 16시,2026-10-02,16,21,104,6341f6d7f957,
2026-10-06,37408390478,2026-10-06T15:39:22+09:00,2026-10-06T15:39:23+09:00,2026-10-06T15:39:23+09:00,200,날짜불일치,2026-10-02 16시,2026-10-02,16,21,104,6341f6d7f957,
2026-10-06,37408390478,2026-10-06T15:49:23+09:00,2026-10-06T15:49:24+09:00,2026-10-06T15:49:24+09:00,200,날짜불일치,2026-10-02 16시,2026-10-02,16,21,104,6341f6d7f957,
2026-10-06,37408390478,2026-10-06T15:59:24+09:00,2026-10-06T15:59:24+09:00,2026-10-06T15:59:24+09:00,200,날짜불일치,2026-10-02 16시,2026-10-02,16,21,104,6341f6d7f957,
2026-10-06,37408390478,2026-10-06T16:09:25+09:00,2026-10-06T16:09:25+09:00,2026-10-06T16:09:25+09:00,200,첫관측,2026-10-06 16시,2026-10-06,16,21,127,8d03c29511c6,research_stockinfo7_2026-10-06_162927_37408390478.json.gz
2026-10-06,37408390478,2026-10-06T16:19:25+09:00,2026-10-06T16:19:26+09:00,2026-10-06T16:19:26+09:00,200,동일,2026-10-06 16시,2026-10-06,16,21,127,8d03c29511c6,research_stockinfo7_2026-10-06_162927_37408390478.json.gz
2026-10-06,37408390478,2026-10-06T16:29:26+09:00,2026-10-06T16:29:27+09:00,2026-10-06T16:29:27+09:00,200,동일,2026-10-06 16시,2026-10-06,16,21,127,8d03c29511c6,research_stockinfo7_2026-10-06_162927_37408390478.json.gz
2026-10-07,37566166541,2026-10-07T12:19:03+09:00,2026-10-07T12:19:04+09:00,2026-10-07T12:19:04+09:00,200,첫관측,2026-10-07 10시,2026-10-07,10,21,110,2546cbe0426b,research_stockinfo7_2026-10-07_151919_37566166541.json.gz
2026-10-07,37566166541,2026-10-07T12:29:05+09:00,2026-10-07T12:29:05+09:00,2026-10-07T12:29:05+09:00,200,동일,2026-10-07 10시,2026-10-07,10,21,110,2546cbe0426b,research_stockinfo7_2026-10-07_151919_37566166541.json.gz
2026-10-07,37566166541,2026-10-07T12:39:05+09:00,2026-10-07T12:39:06+09:00,2026-10-07T12:39:06+09:00,200,동일,2026-10-07 10시,2026-10-07,10,21,110,2546cbe0426b,research_stockinfo7_2026-10-07_151919_37566166541.json.gz
2026-10-07,37566166541,2026-10-07T12:49:06+09:00,2026-10-07T12:49:07+09:00,2026-10-07T12:49:07+09:00,200,동일,2026-10-07 10시,2026-10-07,10,21,110,2546cbe0426b,research_stockinfo7_2026-10-07_151919_37566166541.json.gz
2026-10-07,37566166541,2026-10-07T12:59:07+09:00,2026-10-07T12:59:08+09:00,2026-10-07T12:59:08+09:00,200,동일,2026-10-07 10시,2026-10-07,10,21,110,2546cbe0426b,research_stockinfo7_2026-10-07_151919_37566166541.json.gz
2026-10-07,37566166541,2026-10-07T13:09:08+09:00,2026-10-07T13:09:09+09:00,2026-10-07T13:09:09+09:00,200,동일,2026-10-07 10시,2026-10-07,10,21,110,2546cbe0426b,research_stockinfo7_2026-10-07_151919_37566166541.json.gz
2026-10-07,37566166541,2026-10-07T13:19:09+09:00,2026-10-07T13:19:09+09:00,2026-10-07T13:19:09+09:00,200,동일,2026-10-07 10시,2026-10-07,10,21,110,2546cbe0426b,research_stockinfo7_2026-10-07_151919_37566166541.json.gz
2026-10-07,37566166541,2026-10-07T13:29:10+09:00,2026-10-07T13:29:10+09:00,2026-10-07T13:29:10+09:00,200,동일,2026-10-07 10시,2026-10-07,10,21,110,2546cbe0426b,research_stockinfo7_2026-10-07_151919_37566166541.json.gz
2026-10-07,37566166541,2026-10-07T13:39:10+09:00,2026-10-07T13:39:11+09:00,2026-10-07T13:39:11+09:00,200,동일,2026-10-07 10시,2026-10-07,10,21,110,2546cbe0426b,research_stockinfo7_2026-10-07_151919_37566166541.json.gz
2026-10-07,37566166541,2026-10-07T13:49:11+09:00,2026-10-07T13:49:12+09:00,2026-10-07T13:49:12+09:00,200,동일,2026-10-07 10시,2026-10-07,10,21,110,2546cbe0426b,research_stockinfo7_2026-10-07_151919_37566166541.json.gz
2026-10-07,37566166541,2026-10-07T13:59:12+09:00,2026-10-07T13:59:13+09:00,2026-10-07T13:59:13+09:00,200,동일,2026-10-07 10시,2026-10-07,10,21,110,2546cbe0426b,research_stockinfo7_2026-10-07_151919_37566166541.json.gz
2026-10-07,37566166541,2026-10-07T14:09:13+09:00,2026-10-07T14:09:13+09:00,2026-10-07T14:09:13+09:00,200,동일,2026-10-07 10시,2026-10-07,10,21,110,2546cbe0426b,research_stockinfo7_2026-10-07_151919_37566166541.json.gz
2026-10-07,37566166541,2026-10-07T14:19:14+09:00,2026-10-07T14:19:14+09:00,2026-10-07T14:19:14+09:00,200,동일,2026-10-07 10시,2026-10-07,10,21,110,2546cbe0426b,research_stockinfo7_2026-10-07_151919_37566166541.json.gz
2026-10-07,37566166541,2026-10-07T14:29:14+09:00,2026-10-07T14:29:15+09:00,2026-10-07T14:29:15+09:00,200,동일,2026-10-07 10시,2026-10-07,10,21,110,2546cbe0426b,research_stockinfo7_2026-10-07_151919_37566166541.json.gz
2026-10-07,37566166541,2026-10-07T14:39:15+09:00,2026-10-07T14:39:16+09:00,2026-10-07T14:39:16+09:00,200,동일,2026-10-07 10시,2026-10-07,10,21,110,2546cbe0426b,research_stockinfo7_2026-10-07_151919_37566166541.json.gz
2026-10-07,37566166541,2026-10-07T14:49:16+09:00,2026-10-07T14:49:17+09:00,2026-10-07T14:49:17+09:00,200,동일,2026-10-07 10시,2026-10-07,10,21,110,2546cbe0426b,research_stockinfo7_2026-10-07_151919_37566166541.json.gz
2026-10-07,37566166541,2026-10-07T14:59:17+09:00,2026-10-07T14:59:18+09:00,2026-10-07T14:59:18+09:00,200,동일,2026-10-07 10시,2026-10-07,10,21,110,2546cbe0426b,research_stockinfo7_2026-10-07_151919_37566166541.json.gz
2026-10-07,37566166541,2026-10-07T15:09:18+09:00,2026-10-07T15:09:18+09:00,2026-10-07T15:09:18+09:00,200,동일,2026-10-07 10시,2026-10-07,10,21,110,2546cbe0426b,research_stockinfo7_2026-10-07_151919_37566166541.json.gz
2026-10-07,37566166541,2026-10-07T15:19:18+09:00,2026-10-07T15:19:19+09:00,2026-10-07T15:19:19+09:00,200,동일,2026-10-07 10시,2026-10-07,10,21,110,2546cbe0426b,research_stockinfo7_2026-10-07_151919_37566166541.json.gz
2026-10-07,37566166541,2026-10-07T15:29:25+09:00,2026-10-07T15:29:26+09:00,2026-10-07T15:29:26+09:00,200,동일,2026-10-07 10시,2026-10-07,10,21,110,2546cbe0426b,research_stockinfo7_2026-10-07_151919_37566166541.json.gz
2026-10-07,37566166541,2026-10-07T15:39:26+09:00,2026-10-07T15:39:27+09:00,2026-10-07T15:39:27+09:00,200,동일,2026-10-07 10시,2026-10-07,10,21,110,2546cbe0426b,research_stockinfo7_2026-10-07_151919_37566166541.json.gz
2026-10-07,37566166541,2026-10-07T15:49:27+09:00,2026-10-07T15:49:28+09:00,2026-10-07T15:49:28+09:00,200,동일,2026-10-07 10시,2026-10-07,10,21,110,2546cbe0426b,research_stockinfo7_2026-10-07_151919_37566166541.json.gz
2026-10-07,37566166541,2026-10-07T15:59:28+09:00,2026-10-07T15:59:29+09:00,2026-10-07T15:59:29+09:00,200,동일,2026-10-07 10시,2026-10-07,10,21,110,2546cbe0426b,research_stockinfo7_2026-10-07_151919_37566166541.json.gz
2026-10-07,37566166541,2026-10-07T16:09:29+09:00,2026-10-07T16:09:29+09:00,2026-10-07T16:09:29+09:00,200,갱신,2026-10-07 16시,2026-10-07,16,21,114,3faa28efb97b,research_stockinfo7_2026-10-07_162931_37566166541.json.gz
2026-10-07,37566166541,2026-10-07T16:19:30+09:00,2026-10-07T16:19:30+09:00,2026-10-07T16:19:30+09:00,200,동일,2026-10-07 16시,2026-10-07,16,21,114,3faa28efb97b,research_stockinfo7_2026-10-07_162931_37566166541.json.gz
2026-10-07,37566166541,2026-10-07T16:29:30+09:00,2026-10-07T16:29:31+09:00,2026-10-07T16:29:31+09:00,200,동일,2026-10-07 16시,2026-10-07,16,21,114,3faa28efb97b,research_stockinfo7_2026-10-07_162931_37566166541.json.gz
